,0
0,"('AALESUND                                          ', )"
1,"('AARHUS                                            ', )"
2,"('ABAKAN                                            ', )"
3,"('ABIDJAN                                           ', )"
4,"('ABU DHABI                                         ', )"
5,"('ABURATSU                                          ', )"
6,"('ACAJUTLA                                          ', )"
7,"('ACAPULCO                                          ', )"
8,"('ADABIYA                                           ', )"
9,"('ADDIS ABABA                                       ', )"
10,"('ADELAIDE', )"
11,"('ADEN                                              ', )"
12,"('AGADIR                                            ', )"
13,"('AGIRA (Inland Point)', )"
14,"('AHMEDABAD                                         ', )"
15,"('AITUTAKI                                          ', )"
16,"('AKITA                                             ', )"
17,"('AKMOLA                                            ', )"
18,"('ALEXANDRIA                                        ', )"
19,"('ALGECIRAS                                         ', )"
20,"('ALGIERS                                           ', )"
21,"('ALICANTE                                          ', )"
22,"('ALMATY', )"
23,"('ALOTAU                                            ', )"
24,"('ALTAMIRA                                          ', )"
25,"('AMMAN                                             ', )"
26,"('AMSTERDAM                                         ', )"
27,"('ANQING', )"
28,"('ANCONA                                            ', )"
29,"('ANDERSON                                          ', )"
30,"('ANNABA                                            ', )"
31,"('ANTIGUA                                           ', )"
32,"('ANTOFAGASTA                                       ', )"
33,"('ANTWERP                                           ', )"
34,"('AOTOU                                             ', )"
35,"('APAPA                                             ', )"
36,"('APIA                                              ', )"
37,"('AQABA                                             ', )"
38,"('AQABA ZERKA FREE ZONE                             ', )"
39,"('ARCHANGELSK                                       ', )"
40,"('ARICA                                             ', )"
41,"('ARUBA                                             ', )"
42,"('ASHDOD                                            ', )"
43,"('ASHKHABAD                                         ', )"
44,"('ASMARA                                            ', )"
45,"('ASSAB                                             ', )"
46,"('ASTRAKHAN                                         ', )"
47,"('ASUNCION                                          ', )"
48,"('ATHENS                                            ', )"
49,"('ATLANTA                                           ', )"
50,"('ATLIXCO                                           ', )"
51,"('AUCKLAND                                          ', )"
52,"('BAHAMA                                            ', )"
53,"('BAHRAIN                                           ', )"
54,"('BAKU                                              ', )"
55,"('BALBOA                                            ', )"
56,"('BALCLUTHA                                         ', )"
57,"('BALTIMORE                                         ', )"
58,"('BAMAKO                                            ', )"
59,"('BANDAR ABBAS                                      ', )"
60,"('BANDAR KHOMEINI                                   ', )"
61,"('BANGALORE                                         ', )"
62,"('BANGBU                                            ', )"
63,"('BANGKOK                                           ', )"
64,"('BANGKOK (BMT)                                     ', )"
65,"('BANGKOK (PAT)                                     ', )"
66,"('BANGPAKONG                                        ', )"
67,"('BANJUL                                            ', )"
68,"('BAOYING                                           ', )"
69,"('BARCELONA                                         ', )"
70,"('BARI                                              ', )"
71,"('BARNAUL                                           ', )"
72,"('BARRANQUILLA                                      ', )"
73,"('BASEL                                             ', )"
74,"('BASSE-TERRE                                       ', )"
75,"('BASUO                                             ', )"
76,"('BATA                                              ', )"
77,"('BATAM                                             ', )"
78,"('BATON ROUGE                                       ', )"
79,"('BEIHAI', )"
80,"('BEIJIAO', )"
81,"('BEIJING                                           ', )"
82,"('BEIRA                                             ', )"
83,"('BEIRUT                                            ', )"
84,"('BEJAIA                                            ', )"
85,"('BELAWAN                                           ', )"
86,"('BELEM                                             ', )"
87,"('BELFAST                                           ', )"
88,"('BELGORAD                                          ', )"
89,"('BELIZE                                            ', )"
90,"('BELL BAY                                          ', )"
91,"('BENGHAZI                                          ', )"
92,"('BENGUELA                                          ', )"
93,"('BEOGRAD                                           ', )"
94,"('BERBERA                                           ', )"
95,"('BERKAKIT                                          ', )"
96,"('BERLIN                                            ', )"
97,"('BILBAO                                            ', )"
98,"('BINTULU                                           ', )"
99,"('BIRMINGHAM                                        ', )"
100,"('BIROBIDZHAN                                       ', )"
101,"('BISHKEK                                           ', )"
102,"('BIYSK                                             ', )"
103,"('BLAGOVESCHENSK                                    ', )"
104,"('BLANTYRE                                          ', )"
105,"('BLUFF                                             ', )"
106,"('BOBRUYSK                                          ', )"
107,"('BOLOGNA  (Inland Point)', )"
108,"('BOMBAY                                            ', )"
109,"('BONAIRE                                           ', )"
110,"('BORDEAUX                                          ', )"
111,"('BOSTON                                            ', )"
112,"('BOTSWANA                                          ', )"
113,"('BREMEN                                            ', )"
114,"('BREMERHAVEN                                       ', )"
115,"('BRIANSK                                           ', )"
116,"('BRIDGETOWN                                        ', )"
117,"('BRISBANE                                          ', )"
118,"('BRISTOL                                           ', )"
119,"('BRNO                                              ', )"
120,"('BRZEG DOLNY                                       ', )"
121,"('BRZESC                                            ', )"
122,"('BUCHAREST                                         ', )"
123,"('BUDAPEST                                          ', )"
124,"('BUENAVENTURA                                      ', )"
125,"('BUENOS AIRES                                      ', )"
126,"('BUFALO                                            ', )"
127,"('BUGO                                              ', )"
128,"('BUJUMBUBA                                         ', )"
129,"('BUKHARA                                           ', )"
130,"('BULAWAYO                                          ', )"
131,"('BURGAS                                            ', )"
132,"('BURNIE                                            ', )"
133,"('BUSAN                                             ', )"
134,"('BYDGOSZCZ                                         ', )"
135,"('CABEDELLO                                         ', )"
136,"('CABINDA                                           ', )"
137,"('CADIZ                                             ', )"
138,"('CAGAYAN DE ORO                                    ', )"
139,"('CAIRO                                             ', )"
140,"('CALABAR                                           ', )"
141,"('CALCUTTA                                          ', )"
142,"('CALDERA                                           ', )"
143,"('CALGARY                                           ', )"
144,"('CALLAO                                            ', )"
145,"('CAMBODIA                                          ', )"
146,"('CAMBRIDGE                                         ', )"
147,"('CANTHO                                            ', )"
148,"('CAPE TOWN                                         ', )"
149,"('CAPE VERDE                                        ', )"
150,"('CARACAS                                           ', )"
151,"('CARIBBEAN ISLANDS                                 ', )"
152,"('CARSON                                            ', )"
153,"('CARTAGENA                                         ', )"
154,"('CARTAGO                                           ', )"
155,"('CASABLANCA                                        ', )"
156,"('CASTRIES                                          ', )"
157,"('CATANIA                                           ', )"
158,"('CAVAGLIA  (Inland Point)', )"
159,"('CAYENNE FR.', )"
160,"('CEBU                                              ', )"
161,"('CEUTA                                             ', )"
162,"('CHANARAL                                          ', )"
163,"('CHANGCHUN                                         ', )"
164,"('CHANGLE                                           ', )"
165,"('CHANGSHA                                          ', )"
166,"('CHANGSHU                                          ', )"
167,"('CHANGZHOU                                         ', )"
168,"('CHAOHU                                            ', )"
169,"('CHARKOV                                           ', )"
170,"('CHARLESTON                                        ', )"
171,"('CHARLOTTE                                         ', )"
172,"('CHATTANOOGA                                       ', )"
173,"('CHELJABINSK                                       ', )"
174,"('CHEN LIAN JI                                      ', )"
175,"('CHENGDU                                           ', )"
176,"('CHENGHAI                                          ', )"
177,"('CHENNAI                                           ', )"
178,"('CHIASSO                                           ', )"
179,"('CHIBA                                             ', )"
180,"('CHICAGO                                           ', )"
181,"('CHIMBOTE                                          ', )"
182,"('CHIMKENT                                          ', )"
183,"('CHINGYUAN', )"
184,"('CHITA                                             ', )"
185,"('CHITTAGONG                                        ', )"
186,"('CHIWAN                                            ', )"
187,"('CHOLOMA                                           ', )"
188,"('CHONGQING                                         ', )"
189,"('CHRISTCHURCH                                      ', )"
190,"('CHUANGSHA                                         ', )"
191,"('CHUUK                                             ', )"
192,"('CINCINNATI                                        ', )"
193,"('CIUDAD DEL ESTE                                   ', )"
194,"('CIVITAVECCHIA                                     ', )"
195,"('CLEVELAND                                         ', )"
196,"('COCHABAMBA                                        ', )"
197,"('COCHIN                                            ', )"
198,"('COCOSOLO                                          ', )"
199,"('COIMBATORE                                        ', )"
200,"('COLOGNE                                           ', )"
201,"('COLOGNO MONZESE  (Inland Point)', )"
202,"('COLOMBO                                           ', )"
203,"('COLON                                             ', )"
204,"('COLUMBUS                                          ', )"
205,"('COMORES                                           ', )"
206,"('CONAKRY                                           ', )"
207,"('CONSTANZA                                         ', )"
208,"('COPENHAGEN                                        ', )"
209,"('COQUIMBO                                          ', )"
210,"('CORINTO                                           ', )"
211,"('CORK                                              ', )"
212,"('CORSICANA                                         ', )"
213,"('COTABATO                                          ', )"
214,"('COTONOU                                           ', )"
215,"('CREMONA  (Inland Point)', )"
216,"('CRISTOBAL                                         ', )"
217,"('CUEMAVACA                                         ', )"
218,"('CURACAO                                           ', )"
219,"('CZESTOCHOWA                                       ', )"
220,"('DACHEN                                            ', )"
221,"('DAGANWEI (GUANGZHOU)                              ', )"
222,"('DAKAR                                             ', )"
223,"('DALIAN                                            ', )"
224,"('DALLAS                                            ', )"
225,"('DALTA PORT                                        ', )"
226,"('DAMIETTA                                          ', )"
227,"('DAMMAM                                            ', )"
228,"('DAMPIER                                           ', )"
229,"('DANANG                                            ', )"
230,"('DANDONG                                           ', )"
231,"('DAR ES SALAAM                                     ', )"
232,"('DARKHAN                                           ', )"
233,"('DARWIN                                            ', )"
234,"('DATIAN                                            ', )"
235,"('DATONG                                            ', )"
236,"('DAVAO                                             ', )"
237,"('DAYABAY', )"
238,"('DENVER                                            ', )"
239,"('DERINCE                                           ', )"
240,"('DERNA                                             ', )"
241,"('DETROIT                                           ', )"
242,"('DHAKA                                             ', )"
243,"('DIEGO SUAREZ                                      ', )"
244,"('DILI                                              ', )"
245,"('DJIBOUTI                                          ', )"
246,"('DNEPROPETROVSK                                    ', )"
247,"('DOHA                                              ', )"
248,"('DOMINICAN                                         ', )"
249,"('DONGGUAN', )"
250,"('DONGJIANKOU                                       ', )"
251,"('DONGSHAN                                          ', )"
252,"('DORTMUND                                          ', )"
253,"('DOUALA                                            ', )"
254,"('DOUMEN                                            ', )"
255,"('DRESDEN                                           ', )"
256,"('DRUZBA                                            ', )"
257,"('DUBAI                                             ', )"
258,"('DUBLIN                                            ', )"
259,"('DUNEDIN                                           ', )"
260,"('DUNKERQUE                                         ', )"
261,"('DUNKIRK                                           ', )"
262,"('DURBAN                                            ', )"
263,"('DUSHANBE                                          ', )"
264,"('DUSSELDORF                                        ', )"
265,"('DZAOUDZI                                          ', )"
266,"('DZHEZKAZGAN                                       ', )"
267,"('EAST CANADA                                       ', )"
268,"('EAST LONDON                                       ', )"
269,"('EBEYE                                             ', )"
270,"('EDISON                                            ', )"
271,"('EDMONTON                                          ', )"
272,"('EILAT                                             ', )"
273,"('EKATERINBURG                                      ', )"
274,"('EL GUAMACHE                                       ', )"
275,"('EL PASO                                           ', )"
276,"('EL PROGRESO                                       ', )"
277,"('EL SALVADOR                                       ', )"
278,"('EMBAKASI                                          ', )"
279,"('ENCARNACION                                       ', )"
280,"('ENPING                                            ', )"
281,"('ENSENADA                                          ', )"
282,"('ENZELI                                            ', )"
283,"('ERDENET                                           ', )"
284,"('EREN                                              ', )"
285,"('ESMERALDAS                                        ', )"
286,"('ESSEN                                             ', )"
287,"('ESTONIA                                           ', )"
288,"('EVERETT                                           ', )"
289,"('FAMAGUSTA                                         ', )"
290,"('FANGCHENG                                         ', )"
291,"('FELIXSTOWE                                        ', )"
292,"('FENGHUOJIAO (TAI SHAN)', )"
293,"('FENGHUA                                           ', )"
294,"('FENGXIAN                                          ', )"
295,"('FERGANA                                           ', )"
296,"('FERNANDINA BEACH                                  ', )"
297,"('FLOROE                                            ', )"
298,"('FLUSHING                                          ', )"
299,"('FORT DE FRANCE                                    ', )"
300,"('FORTALEZA                                         ', )"
301,"('FOS SUR MER', )"
302,"('FOSHAN                                            ', )"
303,"('FRANKFURT                                         ', )"
304,"('FREEPORT                                          ', )"
305,"('FREETOWN                                          ', )"
306,"('FREMANTLE                                         ', )"
307,"('FREMONT                                           ', )"
308,"('FRUNZE                                            ', )"
309,"('FUQING', )"
310,"('FUJAIRAH                                          ', )"
311,"('FUKUYAMA                                          ', )"
312,"('FUNAFUTI                                          ', )"
313,"('FUZHOU                                            ', )"
314,"('GABORONE                                          ', )"
315,"('GALVESTON                                         ', )"
316,"('GAOMING', )"
317,"('GAOYOU', )"
318,"('GAOLAN (ZHUHAI)', )"
319,"('GATEMALA CITY                                     ', )"
320,"('GATUN                                             ', )"
321,"('GDANSK                                            ', )"
322,"('GDYNIA                                            ', )"
323,"('GEBZE                                             ', )"
324,"('GEELONG                                           ', )"
325,"('GEMLIK                                            ', )"
326,"('GENERAL SANTOS CITY                               ', )"
327,"('GENEVE                                            ', )"
328,"('GENOA (GENOVA)                                    ', )"
329,"('GEORGE TOWN                                       ', )"
330,"('GERALDTON                                         ', )"
331,"('GHAZAOUETE                                        ', )"
332,"('GIBRALTAR                                         ', )"
333,"('GIOIA TAURO                                       ', )"
334,"('GLADSTONE                                         ', )"
335,"('GLASGOW                                           ', )"
336,"('GLIWICE                                           ', )"
337,"('GOMEL                                             ', )"
338,"('GONGYI                                            ', )"
339,"('GOTHENBURG                                        ', )"
340,"('GRAND RAPIDS                                      ', )"
341,"('GRANGEMOUTH                                       ', )"
342,"('GRAYS                                             ', )"
343,"('GREENSBORO                                        ', )"
344,"('GUADALAJARA                                       ', )"
345,"('GUAM                                              ', )"
346,"('GUANGZHOU                                         ', )"
347,"('GUANTA                                            ', )"
348,"('GUATEMALA CITY                                    ', )"
349,"('GUAYAQUIL                                         ', )"
350,"('GUAYMAS                                           ', )"
351,"('GUIGANG', )"
352,"('GUIYANG', )"
353,"('GUILIN                                            ', )"
354,"('GUINEA-BISSAU', )"
355,"('GUIZHOU                                           ', )"
356,"('HACHINOHE                                         ', )"
357,"('HAIKOU', )"
358,"('HAIAN                                             ', )"
359,"('HAIFA                                             ', )"
360,"('HAIFENG                                           ', )"
361,"('HAIMEN                                            ', )"
362,"('HAINAN                                            ', )"
363,"('HAINING                                           ', )"
364,"('HAIPHONG                                          ', )"
365,"('HAIRATON                                          ', )"
366,"('HAITI                                             ', )"
367,"('HAKATA                                            ', )"
368,"('HALDIA                                            ', )"
369,"('HALIFAX                                           ', )"
370,"('HAMBURG                                           ', )"
371,"('HAMILTON                                          ', )"
372,"('HAMINA                                            ', )"
373,"('HANGZHOU                                          ', )"
374,"('HANJIANG                                          ', )"
375,"('HANKOU                                            ', )"
376,"('HANNOVER                                          ', )"
377,"('HANOI                                             ', )"
378,"('HARARE                                            ', )"
379,"('HARBIN                                            ', )"
380,"('HARTFORD                                          ', )"
381,"('HAVANA                                            ', )"
382,"('HEHOU (XIN HUI)', )"
383,"('HEFEI                                             ', )"
384,"('HELSINGBORG                                       ', )"
385,"('HELSINKI                                          ', )"
386,"('HENGYANG                                          ', )"
387,"('HERAKLEION                                        ', )"
388,"('HESHAN                                            ', )"
389,"('HIALEAH                                           ', )"
390,"('HIMEJI                                            ', )"
391,"('HIROSHIMA                                         ', )"
392,"('HITACHI                                           ', )"
393,"('HITACHINAKA                                       ', )"
394,"('HO CHI MINH (NEWPORT)', )"
395,"('HO CHI MINH CITY                                  ', )"
396,"('HOBART                                            ', )"
397,"('HODEIDAH                                          ', )"
398,"('HOHHOT                                            ', )"
399,"('HON GAI                                           ', )"
400,"('HONG KONG                                         ', )"
401,"('HONGKOU                                           ', )"
402,"('HONIARA                                           ', )"
403,"('HONOLULU                                          ', )"
404,"('HOSOSHIMA                                         ', )"
405,"('HOUSTON                                           ', )"
406,"('HUADU', )"
407,"('HUA SAI                                           ', )"
408,"('HUAINAN                                           ', )"
409,"('HUANG DAO                                         ', )"
410,"('HUANGSHAN', )"
411,"('HUANG SHI                                         ', )"
412,"('HUANGPU                                           ', )"
413,"('HUANGQI                                           ', )"
414,"('HUIZHOU                                           ', )"
415,"('HULL                                              ', )"
416,"('IJMUIDEN                                          ', )"
417,"('ILIGAN                                            ', )"
418,"('ILLICHIVSK                                        ', )"
419,"('ILO                                               ', )"
420,"('ILYICHEVSK                                        ', )"
421,"('IMABARI                                           ', )"
422,"('IMARI                                             ', )"
423,"('IMBITUBA                                          ', )"
424,"('IMMINGHAM                                         ', )"
425,"('INCHON                                            ', )"
426,"('INDIANAPOLIS                                      ', )"
427,"('INNSBRUCK                                         ', )"
428,"('INVERCARGILL                                      ', )"
429,"('IPOH                                              ', )"
430,"('IPSWICH                                           ', )"
431,"('IQUIQUE                                           ', )"
432,"('IRBID                                             ', )"
433,"('IRKUTSK                                           ', )"
434,"('IRUN                                              ', )"
435,"('ISHIGAKI                                          ', )"
436,"('ISHIKARI                                          ', )"
437,"('ISHINO MAKI                                       ', )"
438,"('ISKENDERUN                                        ', )"
439,"('ISTANBUL                                          ', )"
440,"('ITAJAI                                            ', )"
441,"('ITAQUI                                            ', )"
442,"('IWAKUNI                                           ', )"
443,"('IYOMISHIMA                                        ', )"
444,"('IZMIR                                             ', )"
445,"('JACKSONVILLE                                      ', )"
446,"('JAKARTA                                           ', )"
447,"('JAWAHARlAL NEHRU', )"
448,"('JEBEL ALI                                         ', )"
449,"('JEBEL ALI FREEZONE                                ', )"
450,"('JEDDAH                                            ', )"
451,"('JELENIA GORA                                      ', )"
452,"('JIAXING', )"
453,"('JIAZI (LU FENG)', )"
454,"('JIADING                                           ', )"
455,"('JIAMUSI                                           ', )"
456,"('JIANGMEN', )"
457,"('JIANGYIN', )"
458,"('JIANKOU                                           ', )"
459,"('JIAOJIANG', )"
460,"('JIAOKOU', )"
461,"('JIAOXIN', )"
462,"('JIEYANG', )"
463,"('JINAN                                             ', )"
464,"('JINGAN', )"
465,"('JINGJIANG', )"
466,"('JINGHUA                                           ', )"
467,"('JINSHAN                                           ', )"
468,"('JINZHOU                                           ', )"
469,"('JIUJIANG (NANHAI)', )"
470,"('JIUZHOU                                           ', )"
471,"('JOHANNESBURG                                      ', )"
472,"('JOHOR                                             ', )"
473,"('KABUL                                             ', )"
474,"('KACHKANAR                                         ', )"
475,"('KADUNA                                            ', )"
476,"('KAGOSHIMA                                         ', )"
477,"('KAIFENG                                           ', )"
478,"('KAIPING                                           ', )"
479,"('KAKOGAWA                                          ', )"
480,"('KALININGRAD                                       ', )"
481,"('KALUGA                                            ', )"
482,"('KAM PONG SOM                                      ', )"
483,"('KAMCHATKA                                         ', )"
484,"('KAMPALA                                           ', )"
485,"('KANAZAWA                                          ', )"
486,"('KANDAHAR                                          ', )"
487,"('KANDLA                                            ', )"
488,"('KANSAS CITY                                       ', )"
489,"('KAOHSIUNG                                         ', )"
490,"('KARACHI                                           ', )"
491,"('KARAGANDA                                         ', )"
492,"('KASHIMA                                           ', )"
493,"('KASSEL                                            ', )"
494,"('KATHMANDU                                         ', )"
495,"('KATOWICE                                          ', )"
496,"('KAVIENG                                           ', )"
497,"('KAWASAKI                                          ', )"
498,"('KAYES                                             ', )"
499,"('KAZAN                                             ', )"
500,"('KEELUNG                                           ', )"
501,"('KEMEROVO                                          ', )"
502,"('KHABAROVSK                                        ', )"
503,"('KHARTOUM                                          ', )"
504,"('KHASAN                                            ', )"
505,"('KHOR FAKKAN                                       ', )"
506,"('KHOROL                                            ', )"
507,"('KHORRAMSHAHR                                      ', )"
508,"('KHUDJAND                                          ', )"
509,"('KIELCE                                            ', )"
510,"('KIEV                                              ', )"
511,"('KIMBE                                             ', )"
512,"('KIMITSU                                           ', )"
513,"('KINGSTON                                          ', )"
514,"('KINGSTOWN                                         ', )"
515,"('KINSHASA                                          ', )"
516,"('KISH ISLAND                                       ', )"
517,"('KISHINEV                                          ', )"
518,"('KLAGENFURT                                        ', )"
519,"('KLAIPEDA                                          ', )"
520,"('KOBE                                              ', )"
521,"('KOCHI                                             ', )"
522,"('KOKURA                                            ', )"
523,"('KOLKATA                                           ', )"
524,"('KOMPONG SOM                                       ', )"
525,"('KOMSOMOLSK NA AMUR                                ', )"
526,"('KOPER                                             ', )"
527,"('KOROR                                             ', )"
528,"('KORSAKOV                                          ', )"
529,"('KOSHICHANG                                        ', )"
530,"('KOSRAE                                            ', )"
531,"('KOTA KINABALU                                     ', )"
532,"('KOTKA                                             ', )"
533,"('KRAKOW                                            ', )"
534,"('KRASNODAR                                         ', )"
535,"('KRASNOVOSK                                        ', )"
536,"('KRASNOYARSK                                       ', )"
537,"('KRISTIANSAND                                      ', )"
538,"('KUALA LUMPUR                                      ', )"
539,"('KUANTAN                                           ', )"
540,"('KUCHING                                           ', )"
541,"('KUMAMOTO                                          ', )"
542,"('KUMPORT                                           ', )"
543,"('KUNMING                                           ', )"
544,"('KUNSAN                                            ', )"
545,"('KUNSHAN                                           ', )"
546,"('KURGAN                                            ', )"
547,"('KURSK                                             ', )"
548,"('KUWAIT                                            ', )"
549,"('KUYBYSHEV                                         ', )"
550,"('KWANGYANG                                         ', )"
551,"('LA CEIBA                                          ', )"
552,"('LA GOULETTE                                       ', )"
553,"('LA GUAIRA                                         ', )"
554,"('LA LIMA                                           ', )"
555,"('LA PAZ                                            ', )"
556,"('LA SPEZIA                                         ', )"
557,"('LABUAN                                            ', )"
558,"('LAE                                               ', )"
559,"('LAEM CHABANG                                      ', )"
560,"('LAGOS/APAPA                                       ', )"
561,"('LAHAT DATU                                        ', )"
562,"('LAHORE                                            ', )"
563,"('LAKE CHARLES                                      ', )"
564,"('LANSHAN                                           ', )"
565,"('LANSHI                                            ', )"
566,"('LANZHOU                                           ', )"
567,"('LAOS                                              ', )"
568,"('LAREDO                                            ', )"
569,"('LARNACA                                           ', )"
570,"('LAS PALMAS                                        ', )"
571,"('LAT KRABANG                                       ', )"
572,"('LATTAKIA                                          ', )"
573,"('LATVIA                                            ', )"
574,"('LAUTOKA                                           ', )"
575,"('LAWRENCE                                          ', )"
576,"('LAZARO CARDENAS                                   ', )"
577,"('LE HAVRE                                          ', )"
578,"('LEEDS                                             ', )"
579,"('LEGHORN (LIVORNO)                                 ', )"
580,"('LEICESTER                                         ', )"
581,"('LEIPZIG                                           ', )"
582,"('LEITH                                             ', )"
583,"('LEIXOES                                           ', )"
584,"('LELIU                                             ', )"
585,"('LENINABAD                                         ', )"
586,"('LEON                                              ', )"
587,"('LERMA                                             ', )"
588,"('LESOTHO                                           ', )"
589,"('LEVIN                                             ', )"
590,"('LIANHUASHAN', )"
591,"('LIANYUNGANG                                       ', )"
592,"('LIAONING                                          ', )"
593,"('LIBREVILLE                                        ', )"
594,"('LILONGWE                                          ', )"
595,"('LIMA                                              ', )"
596,"('LIMASSOL                                          ', )"
597,"('LINBAI                                            ', )"
598,"('LINKOPING                                         ', )"
599,"('LINZ                                              ', )"
600,"('LIPETSK                                           ', )"
601,"('LIRQUEN                                           ', )"
602,"('LISBON                                            ', )"
603,"('LITHUANIA                                         ', )"
604,"('LIUDU                                             ', )"
605,"('LIUZHOU                                           ', )"
606,"('LIVERPOOL                                         ', )"
607,"('LIVORNO                                           ', )"
608,"('LJUBLJANA                                         ', )"
609,"('LOBITO                                            ', )"
610,"('LODZ                                              ', )"
611,"('LOME                                              ', )"
612,"('LONDON                                            ', )"
613,"('LONG BEACH                                        ', )"
614,"('LONGKOU', )"
615,"('LORENGAU                                          ', )"
616,"('LOS ANGELES                                       ', )"
617,"('LOUISVILLE                                        ', )"
618,"('LUANDA                                            ', )"
619,"('LUBANGO                                           ', )"
620,"('LUBLIN                                            ', )"
621,"('LUBLJANA                                          ', )"
622,"('LUBUMBASHI                                        ', )"
623,"('LUDHIANA                                          ', )"
624,"('LUDIANA                                           ', )"
625,"('LUMUT                                             ', )"
626,"('LUOYANG', )"
627,"('LUSAKA                                            ', )"
628,"('LUXEMBOURG                                        ', )"
629,"('LVOV                                              ', )"
630,"('LYTTELTON                                         ', )"
631,"('MAALOY                                            ', )"
632,"('MACAU                                             ', )"
633,"('MACEIO                                            ', )"
634,"('MADAGASCAR                                        ', )"
635,"('MADANG                                            ', )"
636,"('MADRAS                                            ', )"
637,"('MADRID                                            ', )"
638,"('MAFANG                                            ', )"
639,"('MAGADAN                                           ', )"
640,"('MAGNITOGORSK                                      ', )"
641,"('MAHE                                              ', )"
642,"('MAIZURU                                           ', )"
643,"('MAJUNGA                                           ', )"
644,"('MAJURO                                            ', )"
645,"('MALABO                                            ', )"
646,"('MALACCA                                           ', )"
647,"('MALAGA                                            ', )"
648,"('MALAWI                                            ', )"
649,"('MALE                                              ', )"
650,"('MALMO                                             ', )"
651,"('MALONGO                                           ', )"
652,"('MALTA                                             ', )"
653,"('MANAGUA                                           ', )"
654,"('MANAUS                                            ', )"
655,"('MANCHESTER                                        ', )"
656,"('MANILA (MICT)', )"
657,"('MANILA (NORTH)                                    ', )"
658,"('MANILA (SOUTH)                                    ', )"
659,"('MANNHEIM                                          ', )"
660,"('MANTA                                             ', )"
661,"('MANZANILLO                                        ', )"
662,"('MANZANILLO (P)                                    ', )"
663,"('MANZHOULI                                         ', )"
664,"('MAOMING                                           ', )"
665,"('MAPTAPUT                                          ', )"
666,"('MAPUTO                                            ', )"
667,"('MARACAIBO                                         ', )"
668,"('MARGARITA                                         ', )"
669,"('MARIUPOL                                          ', )"
670,"('MARMAGAO                                          ', )"
671,"('MARSA EI BREGA                                    ', )"
672,"('MARSAXLOKK                                        ', )"
673,"('MARSEILLES                                        ', )"
674,"('MARSEILLES-FOS', )"
675,"('MASAN                                             ', )"
676,"('MASERU                                            ', )"
677,"('MASSAWA                                           ', )"
678,"('MATADI                                            ', )"
679,"('MATARANI                                          ', )"
680,"('MATSUYAMA                                         ', )"
681,"('MAWAN                                             ', )"
682,"('MAWEI                                             ', )"
683,"('MAYOTTE                                           ', )"
684,"('MAZAR-I-SHARIF                                    ', )"
685,"('MEDAN                                             ', )"
686,"('MEGION                                            ', )"
687,"('MELBOURNE                                         ', )"
688,"('MELILLA                                           ', )"
689,"('MEMPHIS                                           ', )"
690,"('MENDOZA                                           ', )"
691,"('MERAK                                             ', )"
692,"('MERSIN                                            ', )"
693,"('MEXICALI                                          ', )"
694,"('MEXICO CITY                                       ', )"
695,"('MIAMI                                             ', )"
696,"('MIDDLESBROUGH                                     ', )"
697,"('MILAN  (Inland Point)', )"
698,"('MILWAUKEE                                         ', )"
699,"('MINA QABOOS                                       ', )"
700,"('MINNEAPOLIS                                       ', )"
701,"('MINNESOTA                                         ', )"
702,"('MINSK                                             ', )"
703,"('MIRI                                              ', )"
704,"('MISKOLC                                           ', )"
705,"('MISURATA                                          ', )"
706,"('MIZUSHIMA                                         ', )"
707,"('MOBILE                                            ', )"
708,"('MOGADISCIO                                        ', )"
709,"('MOGILEV                                           ', )"
710,"('MOJI                                              ', )"
711,"('MOMBASA                                           ', )"
712,"('MONGLA                                            ', )"
713,"('MONROVIA                                          ', )"
714,"('MONTEGO BAY                                       ', )"
715,"('MONTERREY                                         ', )"
716,"('MONTEVIDEO                                        ', )"
717,"('MONTREAL                                          ', )"
718,"('MORMAGAO                                          ', )"
719,"('MORONI                                            ', )"
720,"('MORRISTOWN                                        ', )"
721,"('MORRISVILLE                                       ', )"
722,"('MOSCOW                                            ', )"
723,"('MOSTAGANEM                                        ', )"
724,"('MUARA                                             ', )"
725,"('MUDANJIANG                                        ', )"
726,"('MUKALLA                                           ', )"
727,"('MULUND                                            ', )"
728,"('MUMBAI                                            ', )"
729,"('MUNICH                                            ', )"
730,"('MURMANS                                           ', )"
731,"('MURMANSK                                          ', )"
732,"('MURORAN                                           ', )"
733,"('MUSCAT                                            ', )"
734,"('MUTARE                                            ', )"
735,"('MUTSAMUDU                                         ', )"
736,"('NACALA                                            ', )"
737,"('NAGASAKI                                          ', )"
738,"('NAGOYA                                            ', )"
739,"('NAHA                                              ', )"
740,"('NAIROBI                                           ', )"
741,"('NAKANOSEKI                                        ', )"
742,"('NAKHODKA                                          ', )"
743,"('NAMIBE                                            ', )"
744,"('NAMPO                                             ', )"
745,"('NANAO                                             ', )"
746,"('NANCHANG                                          ', )"
747,"('NANGANG (NANHAI)', )"
748,"('NANGUANG                                          ', )"
749,"('NANHAI                                            ', )"
750,"('NANHAI (SANSHAN)                                  ', )"
751,"('NANHUI                                            ', )"
752,"('NANJING                                           ', )"
753,"('NANNING                                           ', )"
754,"('NANSHA (GUANGZHOU)', )"
755,"('NANTONG                                           ', )"
756,"('NAOETSU                                           ', )"
757,"('NAPIER                                            ', )"
758,"('NAPLES                                            ', )"
759,"('NASHVILLE                                         ', )"
760,"('NASSAU                                            ', )"
761,"('NAURU                                             ', )"
762,"('NDOLA                                             ', )"
763,"('NELSON                                            ', )"
764,"('NERYUNGRI                                         ', )"
765,"('NEW CASTLE                                        ', )"
766,"('NEW DELHI                                         ', )"
767,"('NEW ORLEANS                                       ', )"
768,"('NEW PLYMOUTH                                      ', )"
769,"('NEW YORK                                          ', )"
770,"('NEW YORK HARBOUR                                  ', )"
771,"('NEWARK                                            ', )"
772,"('NEWCASTLE                                         ', )"
773,"('NEWPORT NEWS                                      ', )"
774,"('NHATRANG                                          ', )"
775,"('NHAVA SHEVA                                       ', )"
776,"('NIIGATA                                           ', )"
777,"('NINGBO                                            ', )"
778,"('NINGDE                                            ', )"
779,"('NIUE                                              ', )"
780,"('NIZHNEVARTOVSK                                    ', )"
781,"('NIZHNY NOVGOROD                                   ', )"
782,"('NIZHNY TAGIL                                      ', )"
783,"('NOGALES                                           ', )"
784,"('NORFOLK                                           ', )"
785,"('NORO                                              ', )"
786,"('NOSSI-BE                                          ', )"
787,"('NOTTINGHAM                                        ', )"
788,"('NOUADHIBOU                                        ', )"
789,"('NOUAKCHOTT                                        ', )"
790,"('NOUMEA                                            ', )"
791,"('NOVGOROD                                          ', )"
792,"('NOVOKUZNETSK                                      ', )"
793,"('NOVOROSSIYSK                                      ', )"
794,"('NOVOROSYJSK                                       ', )"
795,"('NOVOSIBIRSK                                       ', )"
796,"('NOYABRJSK                                         ', )"
797,"('NUEVO LAREDO                                      ', )"
798,"('NUKUALOFA                                         ', )"
799,"('OAKLAND                                           ', )"
800,"('OAMARU                                            ', )"
801,"('ODESSA                                            ', )"
802,"('OITA                                              ', )"
803,"('OKINAWA                                           ', )"
804,"('OMAHA                                             ', )"
805,"('OMSK                                              ', )"
806,"('ONAHAMA                                           ', )"
807,"('ONNE                                              ', )"
808,"('OPORTO                                            ', )"
809,"('ORAN                                              ', )"
810,"('ORANJESTAD                                        ', )"
811,"('OROBAY                                            ', )"
812,"('ORSA                                              ', )"
813,"('ORZEA                                             ', )"
814,"('OSAKA                                             ', )"
815,"('OSLO                                              ', )"
816,"('OXFORD                                            ', )"
817,"('PADANG                                            ', )"
818,"('PAGO PAGO                                         ', )"
819,"('PAITA                                             ', )"
820,"('PALEMBANG                                         ', )"
821,"('PALERMO                                           ', )"
822,"('PALMERSTON NORTH                                  ', )"
823,"('PANAMA                                            ', )"
824,"('PANAMA CANAL                                      ', )"
825,"('PANAMA CITY                                       ', )"
826,"('PANJANG                                           ', )"
827,"('PAPEETE                                           ', )"
828,"('PARAMARIBO                                        ', )"
829,"('PARANAGUA                                         ', )"
830,"('PARIS                                             ', )"
831,"('PARMA  (Inland Point)', )"
832,"('PASIR GUDANG                                      ', )"
833,"('PEKANBARU                                         ', )"
834,"('PEMBA                                             ', )"
835,"('PENANG                                            ', )"
836,"('PERM                                              ', )"
837,"('PERTH                                             ', )"
838,"('PESHAWAR                                          ', )"
839,"('PETROPAVLOSK                                      ', )"
840,"('PHILADELPHIA                                      ', )"
841,"('PHILIPSBURG                                       ', )"
842,"('PHNOM PENH                                        ', )"
843,"('PHOENIX                                           ', )"
844,"('PINGHAI', )"
845,"('PINGZHOU                                          ', )"
846,"('PIRAEUS                                           ', )"
847,"('PITTSBURGH                                        ', )"
848,"('PLYMOUTH                                          ', )"
849,"('POHNPEI                                           ', )"
850,"('POINT LISAS                                       ', )"
851,"('POINTE DES GALETS                                 ', )"
852,"('POINTE NOIRE                                      ', )"
853,"('POINTE-A-PITRE                                    ', )"
854,"('PONCE                                             ', )"
855,"('PONTIANAK                                         ', )"
856,"('PORI                                              ', )"
857,"('PORT CABELLO                                      ', )"
858,"('PORT CHALMERS                                     ', )"
859,"('PORT DES GALETS                                   ', )"
860,"('PORT ELIZABETH                                    ', )"
861,"('PORT GENTIL                                       ', )"
862,"('PORT HARCOURT                                     ', )"
863,"('PORT HEDLAND                                      ', )"
864,"('PORT KEMBLA                                       ', )"
865,"('PORT KLANG                                        ', )"
866,"('PORT LIMON                                        ', )"
867,"('PORT LOUIS                                        ', )"
868,"('PORT MORESBY                                      ', )"
869,"('PORT NOIRE                                        ', )"
870,"('PORT OF SPAIN                                     ', )"
871,"('PORT PIRIE                                        ', )"
872,"('PORT QASIM                                        ', )"
873,"('PORT RASHID                                       ', )"
874,"('PORT REUNION                                      ', )"
875,"('PORT SAID                                         ', )"
876,"('PORT SUDAN                                        ', )"
877,"('PORT SUEZ                                         ', )"
878,"('PORT SULTAN QABOOS                                ', )"
879,"('PORT VILA                                         ', )"
880,"('PORT-AU-PRINCE                                    ', )"
881,"('PORTLAND                                          ', )"
882,"('PORTO                                             ', )"
883,"('PORTSMOUTH                                        ', )"
884,"('POTI                                              ', )"
885,"('POZNAN                                            ', )"
886,"('PRAGUE                                            ', )"
887,"('PRAIA', )"
888,"('PRAIA MOLE                                        ', )"
889,"('PRATO  (Inland Point)', )"
890,"('PRETORIA                                          ', )"
891,"('PROGRESO                                          ', )"
892,"('PROVIDENCE                                        ', )"
893,"('PSKOV                                             ', )"
894,"('PUDONG', )"
895,"('PUNING', )"
896,"('PUERTO ARMUELLES                                  ', )"
897,"('PUERTO CABELLO                                    ', )"
898,"('PUERTO CALDERA                                    ', )"
899,"('PUERTO CORTES                                     ', )"
900,"('PUERTO LIMON                                      ', )"
901,"('PUERTO MADRYN                                     ', )"
902,"('PUERTO PLATA                                      ', )"
903,"('PUERTO QUETZAL (SAN JOSE)                         ', )"
904,"('PUERTO SUCRE                                      ', )"
905,"('PUINHON                                           ', )"
906,"('PUNE                                              ', )"
907,"('PUNTA ARENAS                                      ', )"
908,"('PUNTARENAS                                        ', )"
909,"('PUQI                                              ', )"
910,"('PUTIAN                                            ', )"
911,"('PYONG YANG                                        ', )"
912,"('QINGDAO                                           ', )"
913,"('QINGPU                                            ', )"
914,"('QINGYUAN                                          ', )"
915,"('QINHUANGDAO                                       ', )"
916,"('QINZHOU                                           ', )"
917,"('QUANZHOU                                          ', )"
918,"('QUELIMANE                                         ', )"
919,"('QUERETARO                                         ', )"
920,"('QUEZALTENANGO                                     ', )"
921,"('QUINHON                                           ', )"
922,"('QUITO                                             ', )"
923,"('QUZAI                                             ', )"
924,"('QUZHOU                                            ', )"
925,"('RABAUL                                            ', )"
926,"('RADOM                                             ', )"
927,"('RAJIN                                             ', )"
928,"('RALEIGH                                           ', )"
929,"('RAROTONGA                                         ', )"
930,"('RAS LANUF                                         ', )"
931,"('RAUMA                                             ', )"
932,"('RAVENNA                                           ', )"
933,"('RAYONG                                            ', )"
934,"('RECIFE                                            ', )"
935,"('REGINA                                            ', )"
936,"('REUNION                                           ', )"
937,"('RICHARDS BAY                                      ', )"
938,"('RICHMOND                                          ', )"
939,"('RIGA', )"
940,"('RIJEKA                                            ', )"
941,"('RIO DE JANEIRO                                    ', )"
942,"('RIO GRANDE                                        ', )"
943,"('RIO GRANDE (A)                                    ', )"
944,"('RIO GRANDE DO SUL                                 ', )"
945,"('RIO HAINA                                         ', )"
946,"('RIYADH                                            ', )"
947,"('RIZHAO                                            ', )"
948,"('ROADTOWN                                          ', )"
949,"('ROENOE                                            ', )"
950,"('ROME                                              ', )"
951,"('RONGQI', )"
952,"('ROSARIO                                           ', )"
953,"('ROSARITO                                          ', )"
954,"('ROSEAU                                            ', )"
955,"('ROSTOCK                                           ', )"
956,"('ROSTOV                                            ', )"
957,"('ROTORUA                                           ', )"
958,"('ROTTERDAM                                         ', )"
959,"('ROUEN                                             ', )"
960,"('ROVNO                                             ', )"
961,"('RUDONG                                            ', )"
962,"('RUIAN                                             ', )"
963,"('RUSSE                                             ', )"
964,"('RUSSIA                                            ', )"
965,"('RYAZANJ                                           ', )"
966,"('RZESZOW                                           ', )"
967,"('SACRAMENTO                                        ', )"
968,"('SAIPAN                                            ', )"
969,"('SAKAIMINATO                                       ', )"
970,"('SAKATA                                            ', )"
971,"('SAKHALIN                                          ', )"
972,"('SALALAH                                           ', )"
973,"('SALERNO                                           ', )"
974,"('SALINA CRUZ                                       ', )"
975,"('SALOMAGUE                                         ', )"
976,"('SALONICA                                          ', )"
977,"('SALONIKA                                          ', )"
978,"('SALVADOR                                          ', )"
979,"('SALZBURG                                          ', )"
980,"('SAMARA                                            ', )"
981,"('SAMARINDA                                         ', )"
982,"('SAMARKAND                                         ', )"
983,"('SAMBEIMEN                                         ', )"
984,"('SAN ANTONIO                                       ', )"
985,"('SAN DIEGO                                         ', )"
986,"('SAN FRANCISCO                                     ', )"
987,"('SAN JOSE                                          ', )"
988,"('SAN JUAN                                          ', )"
989,"('SAN LORENZO                                       ', )"
990,"('SAN LUIS COLORADO                                 ', )"
991,"('SAN LUIS POTOSI                                   ', )"
992,"('SAN PEDRO                                         ', )"
993,"('SAN PEDRO SULA                                    ', )"
994,"('SAN SALVADOR                                      ', )"
995,"('SANSHUI', )"
996,"('SAN VICENTE                                       ', )"
997,"('SANA                                              ', )"
998,"('SANBEIMEN                                         ', )"
999,"('SANBU                                             ', )"
1000,"('SANDAKAN, Sabah', )"
1001,"('SANRONG                                           ', )"
1002,"('SANSHAN                                           ', )"
1003,"('SANTA CRUZ DE TENERIFE                            ', )"
1004,"('SANTA MARTA                                       ', )"
1005,"('SANTIAGO                                          ', )"
1006,"('SANTO                                             ', )"
1007,"('SANTO DOMINGO                                     ', )"
1008,"('SANTO TOMAS DE CASTILLA                           ', )"
1009,"('SANTOS                                            ', )"
1010,"('SANYA                                             ', )"
1011,"('SAO FRANCISCO DO SUL                              ', )"
1012,"('SAO TOME                                          ', )"
1013,"('SARIKEI                                           ', )"
1014,"('SASKATOON                                         ', )"
1015,"('SAVADOR BAHIA                                     ', )"
1016,"('SAVANNAH                                          ', )"
1017,"('SAVANNAKHET                                       ', )"
1018,"('SAVONA                                            ', )"
1019,"('SAVU SAVU                                         ', )"
1020,"('SEATTLE                                           ', )"
1021,"('SEMARANG                                          ', )"
1022,"('SENBOKU                                           ', )"
1023,"('SENDAI                                            ', )"
1024,"('SEOUL                                             ', )"
1025,"('SEVASTOPOL                                        ', )"
1026,"('SFAX                                              ', )"
1027,"('SHANWEI', )"
1028,"('SHANGHAI                                          ', )"
1029,"('SHANGQIU                                          ', )"
1030,"('SHANTOU                                           ', )"
1031,"('SHAOXING', )"
1032,"('SHAOGUAN                                          ', )"
1033,"('SHARJAH                                           ', )"
1034,"('SHASHI                                            ', )"
1035,"('SHATIAN                                           ', )"
1036,"('SHEERNESS                                         ', )"
1037,"('SHEKOU                                            ', )"
1038,"('SHENYANG                                          ', )"
1039,"('SHENZHEN                                          ', )"
1040,"('SHILIUGANG', )"
1041,"('SHIQI', )"
1042,"('SHIQIAO (PAN YU)', )"
1043,"('SHIBUSHI                                          ', )"
1044,"('SHIDAO                                            ', )"
1045,"('SHIJIAZHUANG                                      ', )"
1046,"('SHIMA                                             ', )"
1047,"('SHIMIZU                                           ', )"
1048,"('SHIMONOSEKI                                       ', )"
1049,"('SHISHI                                            ', )"
1050,"('SHIWAN                                            ', )"
1051,"('SHUAIBAH                                          ', )"
1052,"('SHUIDONG', )"
1053,"('SHUIKOU', )"
1054,"('SHUNDE                                            ', )"
1055,"('SHUWAIKH                                          ', )"
1056,"('SIALKOT                                           ', )"
1057,"('SIBU, Sarawak', )"
1058,"('SICHUAN                                           ', )"
1059,"('SIHANOUKVILLE                                     ', )"
1060,"('SIHUI                                             ', )"
1061,"('SINGAPORE                                         ', )"
1062,"('SIPITANG                                          ', )"
1063,"('SKIKDA                                            ', )"
1064,"('SMOLENSK                                          ', )"
1065,"('SOCOLA                                            ', )"
1066,"('SOFIA', )"
1067,"('SOMALIA                                           ', )"
1068,"('SONGKHLA                                          ', )"
1069,"('SOUSSE                                            ', )"
1070,"('SOUTH SHIELDS                                     ', )"
1071,"('SOUTHAMPTON                                       ', )"
1072,"('SOVGAVANJ                                         ', )"
1073,"('SOYO                                              ', )"
1074,"('SRI RACHA (BANGKOK)                               ', )"
1075,"('ST. CROIX                                         ', )"
1076,"('ST. DOMINGO                                       ', )"
1077,"(""ST. GEORGE'S                                      "", )"
1078,"('ST. JOHNS                                         ', )"
1079,"('ST. LOUIS                                         ', )"
1080,"('ST. LUCIA                                         ', )"
1081,"('ST. MAARTEN                                       ', )"
1082,"('ST. THOMAS                                        ', )"
1083,"('ST. PETERSBURG', )"
1084,"('STOCKHOLM                                         ', )"
1085,"('STOCKTON                                          ', )"
1086,"('STUTTGART                                         ', )"
1087,"('SU WAN NA KAED                                    ', )"
1088,"('SUAPE                                             ', )"
1089,"('SUBIC BAY                                         ', )"
1090,"('SUEZ CANAL                                        ', )"
1091,"('SURABAYA                                          ', )"
1092,"('SURAT                                             ', )"
1093,"('SURGUT                                            ', )"
1094,"('SUVA                                              ', )"
1095,"('SUZHOU                                            ', )"
1096,"('SVOBODNY                                          ', )"
1097,"('SWAZILAND                                         ', )"
1098,"('SYDNEY                                            ', )"
1099,"('SZCZECIN                                          ', )"
1100,"('TA KAEK                                           ', )"
1101,"('TA NA LANG                                        ', )"
1102,"('TACOMA                                            ', )"
1103,"('TAICHUNG', )"
1104,"('TAISHAN', )"
1105,"('TAIJIANG                                          ', )"
1106,"('TAIPEI                                            ', )"
1107,"('TAIPING                                           ', )"
1108,"('TAIYUAN                                           ', )"
1109,"('TAIZHOU                                           ', )"
1110,"('TAKAMATSU                                         ', )"
1111,"('TAKORADI                                          ', )"
1112,"('TALCAHUANO                                        ', )"
1113,"('TALLINN', )"
1114,"('TAMATAVE                                          ', )"
1115,"('TAMPA                                             ', )"
1116,"('TAMPERE                                           ', )"
1117,"('TAMPICO                                           ', )"
1118,"('TANGA                                             ', )"
1119,"('TANGGU                                            ', )"
1120,"('TANGIER                                           ', )"
1121,"('TANGSHAN                                          ', )"
1122,"('TANJUNG PELEPAS                                   ', )"
1123,"('TARANTO                                           ', )"
1124,"('TARAWA                                            ', )"
1125,"('TARNOBRZEG                                        ', )"
1126,"('TARTOUS                                           ', )"
1127,"('TASHKENT                                          ', )"
1128,"('TAURANGA                                          ', )"
1129,"('TAWAU                                             ', )"
1130,"('TECATE                                            ', )"
1131,"('TEGUCIGALPA                                       ', )"
1132,"('TEHRAN                                            ', )"
1133,"('TEL AVIV                                          ', )"
1134,"('TEMA                                              ', )"
1135,"('TENERIFE                                          ', )"
1136,"('TERESPOL                                          ', )"
1137,"('THAMESPORT                                        ', )"
1138,"('THESSALONIKI                                      ', )"
1139,"('TIJUANA                                           ', )"
1140,"('TILBURY                                           ', )"
1141,"('TIMARU                                            ', )"
1142,"('TINIAN                                            ', )"
1143,"('TOAMASINA                                         ', )"
1144,"('TOBRUO                                            ', )"
1145,"('TOGLIATTI                                         ', )"
1146,"('TOKUSHIMA                                         ', )"
1147,"('TOKUYAMA                                          ', )"
1148,"('TOKYO                                             ', )"
1149,"('TOLJATI                                           ', )"
1150,"('TOMAKOMAI                                         ', )"
1151,"('TOMSK                                             ', )"
1152,"('TONGAN                                            ', )"
1153,"('TONGLIN                                           ', )"
1154,"('TONGLU                                            ', )"
1155,"('TONGSHEN                                          ', )"
1156,"('TORGHUNDI                                         ', )"
1157,"('TORONTO                                           ', )"
1158,"('TORUN                                             ', )"
1159,"('TOWNSVILLE                                        ', )"
1160,"('TOYAMA                                            ', )"
1161,"('TOYAMASHINIKO                                     ', )"
1162,"('TOYOHASHI                                         ', )"
1163,"('TOYTEPA                                           ', )"
1164,"('TRABZON                                           ', )"
1165,"('TRIESTE                                           ', )"
1166,"('TRINIDAD                                          ', )"
1167,"('TRIPOLI                                           ', )"
1168,"('TRUK                                              ', )"
1169,"('TSURUGA                                           ', )"
1170,"('TUMEN', )"
1171,"('TUNIS                                             ', )"
1172,"('TURGUNDI                                          ', )"
1173,"('TURKU                                             ', )"
1174,"('TUTICORIN                                         ', )"
1175,"('TYNDA                                             ', )"
1176,"('TYUMEN                                            ', )"
1177,"('UBE                                               ', )"
1178,"('UFA                                               ', )"
1179,"('UJUNG PANDANG                                     ', )"
1180,"('ULAAN BAATAR                                      ', )"
1181,"('ULAN UDE                                          ', )"
1182,"('ULJANOVSK                                         ', )"
1183,"('ULM                                               ', )"
1184,"('ULSAN                                             ', )"
1185,"('UM-ALQSAR                                         ', )"
1186,"('URUMQI                                            ', )"
1187,"('USHUAIA                                           ', )"
1188,"('USSURYISK                                         ', )"
1189,"('VAINIKKALA                                        ', )"
1190,"('VALENCIA                                          ', )"
1191,"('VALLETTA                                          ', )"
1192,"('VALPARAISO                                        ', )"
1193,"('VANCOUVER                                         ', )"
1194,"('VANINO                                            ', )"
1195,"('VARNA                                             ', )"
1196,"('VAVAU                                             ', )"
1197,"('VENICE                                            ', )"
1198,"('VENNICA                                           ', )"
1199,"('VERA CRUZ                                         ', )"
1200,"('VERINO                                            ', )"
1201,"('VICT                                              ', )"
1202,"('VICTORIA                                          ', )"
1203,"('VICTORIA (E.Africa)                               ', )"
1204,"('VIENNA                                            ', )"
1205,"('VIENTIANE                                         ', )"
1206,"('VIGO                                              ', )"
1207,"('VILA                                              ', )"
1208,"('VILLA NUEVA                                       ', )"
1209,"('VILNIUS                                           ', )"
1210,"('VISAKHAPATNAM', )"
1211,"('VITEBSK                                           ', )"
1212,"('VITORIA                                           ', )"
1213,"('VIZAG                                             ', )"
1214,"('VLADIVOSTOK                                       ', )"
1215,"('VOLGOGARD                                         ', )"
1216,"('VOLOGDA                                           ', )"
1217,"('VOLTRI                                            ', )"
1218,"('VORONEZ                                           ', )"
1219,"('VOSTOCHNY                                         ', )"
1220,"('VUNGTAU                                           ', )"
1221,"('WAKAYAMA                                          ', )"
1222,"('WALLIS/FUTUNA                                     ', )"
1223,"('WALVIS BAY                                        ', )"
1224,"('WANGANUI                                          ', )"
1225,"('WANZAI (ZHUHAI)                                   ', )"
1226,"('WARREN                                            ', )"
1227,"('WARRI                                             ', )"
1228,"('WARSAW                                            ', )"
1229,"('WEIHAI                                            ', )"
1230,"('WELLINGTON                                        ', )"
1231,"('WENZHOU                                           ', )"
1232,"('WEWAK                                             ', )"
1233,"('WILLEMSTAD                                        ', )"
1234,"('WILMINGTON                                        ', )"
1235,"('WINNIPEG                                          ', )"
1236,"('WLOCLAWEK                                         ', )"
1237,"('WOLOW                                             ', )"
1238,"('WROCLAW                                           ', )"
1239,"('WUHU', )"
1240,"('WUJIANG', )"
1241,"('WUXI', )"
1242,"('WUHAN                                             ', )"
1243,"('WULUMUQI                                          ', )"
1244,"('WUMEN                                             ', )"
1245,"('WUZHOU                                            ', )"
1246,"('XANSHI                                            ', )"
1247,"('XIAMEN                                            ', )"
1248,"('XIAN                                              ', )"
1249,"('XIANGZHOU                                         ', )"
1250,"('XIANYANG                                          ', )"
1251,"('XIAOGAN', )"
1252,"('XIAOLAN (SHI QI)', )"
1253,"('XIAOSHAN', )"
1254,"('XINFENG                                           ', )"
1255,"('XINGANG                                           ', )"
1256,"('XINHUI                                            ', )"
1257,"('XINING                                            ', )"
1258,"('XINTANG                                           ', )"
1259,"('XINYOU                                            ', )"
1260,"('XIUHUI', )"
1261,"('XUZHOU                                            ', )"
1262,"('YAKUSK                                            ', )"
1263,"('YANGJIANG', )"
1264,"('YANGON                                            ', )"
1265,"('YANGPU                                            ', )"
1266,"('YANGZHOU                                          ', )"
1267,"('YANTAI                                            ', )"
1268,"('YANTIAN                                           ', )"
1269,"('YAP                                               ', )"
1270,"('YATSUSHIRO                                        ', )"
1271,"('YCKATERINBURG                                     ', )"
1272,"('YI CHANG                                          ', )"
1273,"('YIXING', )"
1274,"('YINCHUAN                                          ', )"
1275,"('YINGKOU                                           ', )"
1276,"('YOKKAICHI                                         ', )"
1277,"('YOKOHAMA                                          ', )"
1278,"('YUEYANG', )"
1279,"('YUNFU', )"
1280,"('YUNNAN                                            ', )"
1281,"('ZAGREB                                            ', )"
1282,"('ZAHONY                                            ', )"
1283,"('ZAMBIA                                            ', )"
1284,"('ZAMBOANGA                                         ', )"
1285,"('ZANZIBAR                                          ', )"
1286,"('ZARQA FREE ZONE                                   ', )"
1287,"('ZEEBRUGGE                                         ', )"
1288,"('ZHANGJIAGANG                                      ', )"
1289,"('ZHANGJIAKOU                                       ', )"
1290,"('ZHANGZHOU                                         ', )"
1291,"('ZHANJIANG                                         ', )"
1292,"('ZHAOQING                                          ', )"
1293,"('ZHENGZHOU                                         ', )"
1294,"('ZHENJIANG                                         ', )"
1295,"('ZHENPING                                          ', )"
1296,"('ZHONGSHAN                                         ', )"
1297,"('ZHOUSHAN                                          ', )"
1298,"('ZHOUTOUZUI                                        ', )"
1299,"('ZHUHAI                                            ', )"
1300,"('ZHUHAI PORT (GAOLAN)                              ', )"
1301,"('ZIMBABWE                                          ', )"
1302,"('ZURICH                                            ', )"
1303,"('ASHGABAT', )"
1304,"('CHERKASSY', )"
1305,"('HAMADA', )"
1306,"('POTIANAK', )"
1307,"('CORDOBA', )"
1308,"('NANKENG', )"
1309,"('SHANGDONG', )"
1310,"('JIUJIANG', )"
1311,"('KOMING', )"
1312,"('PORT KLANG (NORTH)', )"
1313,"('PORT KLANG (WEST)', )"
1314,"('MAHAJUNGA', )"
1315,"('TAIWAN', )"
1316,"('WEITOU', )"
1317,"('LONGONI', )"
1318,"('PECEM', )"
1319,"('VIEUX FORT', )"
1320,"('KENT', )"
1321,"('MAERAK', )"
1322,"('ERLIAN', )"
1323,"('ALASHANKOU', )"
1324,"('TALDYKORGAN', )"
1325,"('SALT LAKE CITY', )"
1326,"('MATANZAS', )"
1327,"('SOKHNA', )"
1328,"('OTALU', )"
1329,"('OTARU', )"
1330,"('TORRES STRAIT', )"
1331,"('ARIEKI', )"
1332,"('BRUNEI', )"
1333,"('CAN THO', )"
1334,"('ZHAOGANG', )"
1335,"('MINDELO', )"
1336,"('UMM QASR', )"
1337,"('BAGHDAD', )"
1338,"('KHOMS', )"
1339,"('ASTANA', )"
1340,"('AACHEN', )"
1341,"('NUERNBERG', )"
1342,"('CHUANSHA', )"
1343,"('PUDONG', )"
1344,"('YEOCHON', )"
1345,"('DUESSELDORF', )"
1346,"('KOLN', )"
1347,"('HAGEN', )"
1348,"('PANYU', )"
1349,"('TINCAN', )"
1350,"('SHENWAN', )"
1351,"('TANCANG', )"
1352,"('TAICANG', )"
1353,"('SEPETIBA', )"
1354,"('BREGENZ', )"
1355,"('GRAZ', )"
1356,"('RIED', )"
1357,"('ST. POLTEN', )"
1358,"('ANCHORAGE', )"
1359,"('PORT EVERGLADES', )"
1360,"('LLYICHEVSK', )"
1361,"('ALASKA', )"
1362,"('FANGCUN', )"
1363,"('KARATSU', )"
1364,"('KUSHIRO', )"
1365,"('CAGLIARI', )"
1366,"('TERPORT', )"
1367,"('CAACUPEMI', )"
1368,"('ABACO', )"
1369,"('PROVINCIALES', )"
1370,"('THE VALLEY', )"
1371,"('GUSTAVIA', )"
1372,"('CHARLESTOWN', )"
1373,"('TAO YUAN', )"
1374,"('MUNDRA', )"
1375,"('QESIM ISLAND', )"
1376,"('SEGORO', )"
1377,"('MEJILLONES', )"
1378,"('CAUCEDO', )"
1379,"('CONCEPTION BAY', )"
1380,"('JIANG TANG', )"
1381,"('BRUSSELS', )"
1382,"('PORT KASIM', )"
1383,"('MA AN SHAN', )"
1384,"('SEWARD', )"
1385,"('WASILLA', )"
1386,"('GIRDWOOD', )"
1387,"('KENAI', )"
1388,"('TOKMAK', )"
1389,"('BEICUN', )"
1390,"('JINGUZHOU', )"
1391,"('GAOSHA', )"
1392,"('SINES', )"
1393,"('PORT MUHAMMAD BIN QASIM', )"
1394,"('BEAUMONT', )"
1395,"('CAMDEN', )"
1396,"('URALSK', )"
1397,"('NSICT', )"
1398,"('HO CHI MINH (CATLAI)', )"
1399,"('TOSU', )"
1400,"('BUSHEHR', )"
1401,"('CAILAN', )"
1402,"('BANGKOK (TPT)', )"
1403,"('VERNON', )"
1404,"('JAIPUR', )"
1405,"('XIANDRIA', )"
1406,"('PATPARGANJ', )"
1407,"('AIN SOKHNA', )"
1408,"('DELHI', )"
1409,"('BAGUIO', )"
1410,"('PHUOC LONG', )"
1411,"('DONETSK', )"
1412,"('KHARKOV', )"
1413,"('HAYDARPASA', )"
1414,"('BISSAU', )"
1415,"('S. VICENTE', )"
1416,"('JING TANG', )"
1417,"('CHABAHAR', )"
1418,"('WHANGAREI', )"
1419,"('ONSAN', )"
1420,"('PUERTO MOIN', )"
1421,"('ALBANY', )"
1422,"('DESTREHAN', )"
1423,"('NEW LONDON', )"
1424,"('XUCHANG', )"
1425,"('ZIBO', )"
1426,"('LINYI', )"
1427,"('YUYAO', )"
1428,"('INNXV', )"
1429,"('BUKAVU', )"
1430,"('OMAEZAKI', )"
1431,"('BRATISLAVA', )"
1432,"('ZHUZHOU', )"
1433,"('XIANGTAN', )"
1434,"('KEARNY', )"
1435,"('FONTANA', )"
1436,"('MISSISSAUGA', )"
1437,"('HEBRON', )"
1438,"('GWANGYANG', )"
1439,"('CHENGLINGJI', )"
1440,"('LONGTAN', )"
1441,"('DUTCH HARBOR', )"
1442,"('ZHA PU', )"
1443,"('MAILIAO', )"
1444,"('RWANDA', )"
1445,"('ALACAHOYUK', )"
1446,"('LANCASTER', )"
1447,"('ORLANDO', )"
1448,"('MONTGOMERY', )"
1449,"('ITAGUAI', )"
1450,"('YANGSHAN', )"
1451,"('PENGHU', )"
1452,"('HIBIKI', )"
1453,"('VENEZIA', )"
1454,"('PORT LISAS', )"
1455,"('YIWU', )"
1456,"('MERIDIAN', )"
1457,"('BREINIGSVOLLE', )"
1458,"('MCDONDOUGH', )"
1459,"('STOUGHTON', )"
1460,"('AMBARLI', )"
1461,"('SUIGANG', )"
1462,"('HAKODATE', )"
1463,"('MUPLU', )"
1464,"('FUKUOKA', )"
1465,"('KURE', )"
1466,"('CORPUS CHRISTI', )"
1467,"('FRONTROYAL', )"
1468,"('WAI GAO QIAO', )"
1469,"('HYDERABAD', )"
1470,"('PYEONGTAEK', )"
1471,"('Sakaisenboku', )"
1472,"('BANGKOK (SCT)', )"
1473,"('NARATHIWAT', )"
1474,"('BOGOTA', )"
1475,"('LANXI', )"
1476,"('MARSH HARBOUR', )"
1477,"('EXUMA', )"
1478,"('GRAND TURK', )"
1479,"('LONG ISLAND', )"
1480,"('PUERTO MORELOS', )"
1481,"('MONTSERRAT', )"
1482,"('POINT A PITRE', )"
1483,"('VIRGIN GORDA', )"
1484,"('CHARLOTTE AMALIE', )"
1485,"('TEQUCIGALPA', )"
1486,"('CHRISTIANSTED', )"
1487,"('SUKHNA', )"
1488,"('BOSPERUS', )"
1489,"('TEPLICE', )"
1490,"('ZLIN', )"
1491,"('TEESPORT', )"
1492,"('GUARULHOS', )"
1493,"('BOMA', )"
1494,"('ZARATE', )"
1495,"('BURLINGTON', )"
1496,"('SAN FELIX', )"
1497,"('PIPAVAV', )"
1498,"('HAIRUN', )"
1499,"('HAITIAN', )"
1500,"('LYON', )"
1501,"('WEIFANG', )"
1502,"('DUMYAT', )"
1503,"('MADISON', )"
1504,"('PEARL RIVER DELTA', )"
1505,"('LE VERDON', )"
1506,"('MONTOIR', )"
1507,"('LARVIK', )"
1508,"('PRINCE RUPERT', )"
1509,"('DONGJIANGCANG', )"
1510,"('AN PING', )"
1511,"('OSH', )"
1512,"('CHYMKENT', )"
1513,"('ATYRAU', )"
1514,"('AKTOBE', )"
1515,"('KUSTANY', )"
1516,"('ZASHITA', )"
1517,"('ZABAYKALSK', )"
1518,"('AVCILAR', )"
1519,"('NAMANGAN', )"
1520,"('AL KHOMS', )"
1521,"('ANSHUN', )"
1522,"('MEDEU', )"
1523,"('UST-KAMENOGORSK', )"
1524,"('DA CHAN BAY', )"
1525,"('CANOAS', )"
1526,"('CHISTIANSTED', )"
1527,"('CUENCA', )"
1528,"('CURITIBA', )"
1529,"('LAS MINAS', )"
1530,"('POINTE BLANCHE', )"
1531,"('PORTO ALEGRE', )"
1532,"('QUERTARO', )"
1533,"('SAO PAULO', )"
1534,"('ST. BARTHELEMY', )"
1535,"('MARDAS', )"
1536,"('VOLOS', )"
1537,"('NAVEGANTES', )"
1538,"('MARPORT', )"
1539,"('YERAVAN', )"
1540,"('TBILISI', )"
1541,"('ISLAM QALA', )"
1542,"('MANGYSHLAK', )"
1543,"('PAVLODAR', )"
1544,"('ZHEZKAZGAN', )"
1545,"('LAON', )"
1546,"('GENNEVILLIERS', )"
1547,"('BONNEUIL SUR MARNE', )"
1548,"('SENS', )"
1549,"('TROYES', )"
1550,"('ORLEANS', )"
1551,"('BLOIS', )"
1552,"('AUXERRE', )"
1553,"('NEVERS', )"
1554,"('VESOUL', )"
1555,"('BESANCON', )"
1556,"('DIJON', )"
1557,"('PAGNY', )"
1558,"('DOLE', )"
1559,"('CHALON-SUR-SAONE', )"
1560,"('CHALON-SUR-MARNE', )"
1561,"('MACON', )"
1562,"('BOURG', )"
1563,"('ROANNE', )"
1564,"('CLERMONT-FERRAND', )"
1565,"('SAINT-ETIENNE', )"
1566,"('VALENCE', )"
1567,"('AVIGNON', )"
1568,"('MONTPELLIER', )"
1569,"('SETE', )"
1570,"('SOHAR', )"
1571,"('SHAHID RAJAEE', )"
1572,"('POHANG', )"
1573,"('WEST PALM BEACH', )"
1574,"('SPARROW POINT', )"
1575,"('ASHKELON', )"
1576,"('LIHIR', )"
1577,"('PLOCE', )"
1578,"('BAR', )"
1579,"('DURRES', )"
1580,"('KWAJALEIN', )"
1581,"('BINGAZI', )"
1582,"('MOA', )"
1583,"('PUERTO ANGAMOS', )"
1584,"('EVYAP PORT', )"
1585,"('DAESAN', )"
1586,"('BATANGAS', )"
1587,"('NOSY BE', )"
1588,"('VOHEMAR', )"
1589,"('SOUTH CAICOS', )"
1590,"('IZMIT KORFEZI', )"
1591,"('DEKHEILA', )"
1592,"('KAKINADA', )"
1593,"('SKOPJE', )"
1594,"('TIRANA', )"
1595,"('SARAJEVO', )"
1596,"('PRISTINA', )"
1597,"('PODGORICA', )"
1598,"('BASAMUK', )"
1599,"('TARRAGONA', )"
1600,"('TULEAR', )"
1601,"('EHOALA', )"
1602,"('TANJUNG MANIS', )"
1603,"('GHENT', )"
1604,"('VILA DO CONDE', )"
1605,"('PUERTO MONTT', )"
1606,"('JUBAIL', )"
1607,"('GAMAGORI', )"
1608,"('MANGALORE', )"
1609,"('CAI MEP', )"
1610,"('GIJON', )"
1611,"('HIGASHIHARIMA', )"
1612,"('HYOGO', )"
1613,"('ANZHERSKAYA', )"
1614,"('MOKOP', )"
1615,"('BUSAN/PUI', )"
1616,"('SAN ANTONIO (TX)', )"
1617,"('DJEN DJEN', )"
1618,"('YEOSU', )"
1619,"('MINDANAO', )"
1620,"('YAWATA', )"
1621,"('ANACORTES', )"
1622,"('PUERTO BOLIVAR', )"
1623,"('MOREHEAD CITY', )"
1624,"('KABIL', )"
1625,"('GAOYAO', )"
1626,"('OTAKE', )"
1627,"('CHAOZHOU', )"
1628,"('XIAOHUDAO', )"
1629,"('ZHONGXINZHOU', )"
1630,"('SHITANG', )"
1631,"('COEGA-NGQURA', )"
1632,"('NGQURA', )"
1633,"('SETUBAL', )"
1634,"('NORRKOPING', )"
1635,"('KANTANG', )"
1636,"('DAPENG', )"
1637,"('LA UNION', )"
1638,"('SHANGCHUAN DAO', )"
1639,"('INVERGORDON', )"
1640,"('COATZACOALCOS', )"
1641,"('ESPERANCE', )"
1642,"('SIAM', )"
1643,"('HUMEN', )"
1644,"('EDINCIK', )"
1645,"('BRUNSWICK', )"
1646,"('YOKOSUKA', )"
1647,"('ZHIZHUDAO', )"
1648,"('XIAO CUO', )"
1649,"('XIN SHA', )"
1650,"('KEMAMAN', )"
1651,"('XIUYU', )"
1652,"('LAIZHOU', )"
1653,"('BARTLETT', )"
1654,"('MIRA LOMA', )"
1655,"('CONNELLSVILLE', )"
1656,"('WHITESTOWN', )"
1657,"('LERMA ESTADO DE MEXICO', )"
1658,"('QUANG NINH', )"
1659,"('TRIZT', )"
1660,"('ITAPOA', )"
1661,"('LIMON', )"
1662,"('AKTAU', )"
1663,"('WUCHUN', )"
1664,"('JISI', )"
1665,"('DO MA TOU', )"
1666,"('GUANG BAO TONG', )"
1667,"('NIGQURA', )"
1668,"('BIELEFELD', )"
1669,"('DUISBURG', )"
1670,"('KAHULUI', )"
1671,"('KAWAIHAE', )"
1672,"('HILO', )"
1673,"('NAWILWILI', )"
1674,"('CAO FEI DIAN', )"
1675,"('SOCHI', )"
1676,"('EL-DIKHEILA', )"
1677,"('NEMRUT BAY', )"
1678,"('MIIKE', )"
1679,"('MOTUKEA', )"
1680,"('BUSHIRE', )"
1681,"('AJMAN', )"
1682,"('BIZERTE', )"
1683,"('ANGAMOS', )"
1684,"('HUNTINGTON', )"
1685,"('CAIRNS', )"
1686,"('MACKAY', )"
1687,"('PORT ALMA', )"
1688,"('NEW JERSEY', )"
1689,"('HIBIKINADA', )"
1690,"('BAOAN', )"
1691,"('TANGER-MED', )"
1692,"('CORONEL', )"
1693,"('ROCHELLE', )"
1694,"('NORTHLAKE', )"
1695,"('HUNTSVILLE', )"
1696,"('PORT VICTORIA', )"
1697,"('AZOV', )"
1698,"('PAPSA', )"
1699,"('WILHELMSHAVEN', )"
1700,"('SPLIT', )"
1701,"('PISA', )"
1702,"('BELGRADE', )"
1703,"('MAURITIUS', )"
1704,"('POMEZIA', )"
1705,"('PRISHTINA', )"
1706,"('FLORENCE', )"
1707,"('PUERTO CORONEL', )"
1708,"('XIANGYU', )"
1709,"('BANGKOK (UTCT)', )"
1710,"('REYKJAVIK', )"
1711,"('KRISHNAPATNAM', )"
1712,"('HUANGHUA', )"
1713,"('KHALIFA', )"
1714,"('KIEL', )"
1715,"('RODMAN', )"
1716,"('DAFENG', )"
1717,"('BENETE BAY', )"
1718,"('GEOJE', )"
1719,"('MUCURIPE', )"
1720,"('KING ABDULLAH', )"
1721,"('ZHAOQING NEW PORT', )"
1722,"('EL DEKHELIA', )"
1723,"('CASTELLON', )"
1724,"('Itapetinga', )"
1725,"('ANTALYA', )"
1726,"('SAMSUN', )"
1727,"('JAKARTA UTC1', )"
1728,"('JAKARTA UTC3', )"
1729,"('BANGKOK (UNITHAI)', )"
1730,"('CANAKKALE', )"
1731,"('ALIAGA', )"
1732,"('ALSANCAK', )"
1733,"('LONI', )"
